chr,pos,ref,gold_alt
21,2201,A,G
21,2360,C,T
21,3860,A,G
21,5508,CAGT,C
21,7293,G,C
21,8705,G,T
21,9951,T,C
21,10397,T,C
21,10507,A,G
21,10656,C,T
21,11000,G,A
21,15401,T,C
21,15552,G,A
21,17034,T,G
21,19054,A,G
21,20032,T,C
21,20329,C,T
21,21055,A,T
21,22295,T,TC
21,22967,C,T
21,23123,A,G
21,24194,A,G
21,24408,G,C
21,26747,A,T
21,26760,T,TGAA
21,29145,T,C
21,29400,T,C
21,30600,A,C
21,30738,C,T
21,30813,C,G
21,31481,A,G
21,32287,C,T
21,33111,C,G
21,33539,T,G
21,33550,AC,A
21,34299,A,G
21,35954,A,C
21,36054,A,G
21,37429,A,T
21,39884,A,T
21,42389,G,A
21,42475,A,AGG
21,43240,A,C
21,44536,T,A
21,44754,T,C
21,46451,A,G
21,47451,G,A
21,48317,T,A
21,48460,C,T
21,48676,T,G
21,50983,T,G
21,51445,G,A
21,54991,C,G
21,56157,C,G
21,56561,C,CC
21,56910,T,A
21,57605,C,T
21,58032,G,T
21,58233,T,C
21,58275,G,C
21,58350,T,C
21,60352,A,C
21,60812,A,G
21,61419,A,G
21,61875,C,A
21,61958,T,G
21,62811,T,A
21,63935,G,C
21,68069,A,G
21,69304,T,C
21,69793,T,C
21,69906,A,C
21,72277,A,G
21,72285,G,A
21,72753,A,T
21,73464,T,C
21,74936,G,A
21,76457,T,TAAT
21,77041,T,C
21,77422,A,G
21,78416,T,C
21,80772,C,A
21,82247,G,A
21,82278,C,G
21,84646,C,T
21,84759,T,C
21,86238,C,G
21,86532,A,T
21,86696,A,C
21,91624,A,G
21,91914,G,A
21,92988,C,T
21,94111,T,C
21,95045,G,A
21,95517,T,C
21,99265,G,A
21,103589,T,C
21,103791,T,C
21,107464,A,G
21,110258,A,G
21,111485,A,G
21,111507,T,C
21,111952,T,C
21,112141,A,C
21,112497,T,C
21,112735,G,C
21,115410,CA,C
21,115483,A,G
21,116138,T,C
21,116964,A,C
21,117091,A,ACC
21,117764,T,C
21,118295,A,C
21,119146,C,G
21,119307,T,C
21,122668,C,T
21,122824,A,G
21,122859,A,G
21,123923,TGTG,T
21,124543,T,C
21,125467,T,C
21,126237,T,C
21,126569,T,C
21,127247,T,C
21,128030,G,A
21,128596,A,T
21,128906,T,C
21,129085,G,A
21,129950,A,C
21,133668,T,C
21,135373,A,G
21,135966,T,C
21,137331,A,G
21,137872,T,TGCGAGG
21,137953,T,C
21,138398,T,A
21,142060,G,A
21,142695,T,A
21,144689,T,TC
21,144946,T,C
21,145636,A,T
21,148474,A,T
21,148674,A,C
21,148674,A,C
21,148879,A,G
21,150941,T,C
21,151962,C,T
21,152006,T,A
21,153745,T,C
21,154768,AG,A
21,156548,A,G
21,157207,G,C
21,158283,T,TTT
21,160065,G,A
21,160597,A,G
21,161233,A,G
21,161587,T,C
21,163313,C,G
21,164242,T,C
21,164773,T,C
21,165518,C,T
21,167378,T,G
21,168371,A,G
21,169588,T,C
21,171468,A,T
21,171874,G,A
21,172903,T,C
21,174457,A,C
21,175088,T,C
21,175498,T,A
21,176922,A,G
21,177246,C,T
21,177672,A,ATC
21,178144,T,C
21,179573,T,C
21,180821,G,A
21,183852,A,C
21,188425,G,A
21,189102,A,T
21,191755,TGT,T
21,196841,T,A
21,197912,T,C
21,199457,C,T
21,200184,T,C
21,200574,A,C
21,201752,G,GT
21,202045,A,G
21,202972,G,A
21,204382,C,G
21,205241,C,T
21,206419,G,A
21,210555,G,GA
21,210872,A,T
21,211832,A,G
21,212884,G,A
21,214871,T,C
21,215828,G,A
21,218409,C,T
21,218526,T,C
21,221137,TTT,T
21,221581,A,G
21,223501,A,G
21,224225,T,C
21,226176,T,C
21,226693,T,C
21,226908,C,T
21,229519,A,AA
21,231482,A,G
21,233468,T,C
21,236862,T,C
21,239826,A,G
21,240852,A,G
21,241584,T,C
21,242291,CT,C
21,242836,A,G
21,243082,C,T
21,243595,A,G
21,243814,G,T
21,245119,GG,G
21,248626,T,TAG
21,249352,C,A
21,249422,T,C
21,249508,T,C
21,249755,G,T
21,251670,G,A
21,252289,A,G
21,255814,A,G
21,255867,T,C
21,258178,T,G
21,258233,G,A
21,261439,C,T
21,262035,A,G
21,263471,C,G
21,265757,T,C
21,266645,T,C
21,267063,G,A
21,271947,G,A
21,273386,G,A
21,273684,G,A
21,276651,T,C
21,276865,T,G
21,279402,T,C
21,279764,T,C
21,280562,C,T
21,282683,T,C
21,282935,T,C
21,285003,G,T
21,286300,T,C
21,286518,G,A
21,286869,A,G
21,287197,T,G
21,287940,A,G
21,288281,C,T
21,288625,T,C
21,290765,C,G
21,290880,T,G
21,291221,A,G
21,291238,A,G
21,291865,C,G
21,294043,T,A
21,294077,T,C
21,294208,A,G
21,294896,T,C
21,295486,T,TGG
21,295565,A,G
21,295656,C,T
21,295851,C,T
21,296167,G,C
21,296392,T,C
21,297167,C,T
21,297167,C,T
21,297948,A,G
21,299045,T,C
21,299074,A,G
21,299354,A,G
21,300144,T,A
21,302813,A,G
21,303234,T,G
21,304369,T,A
21,307426,C,G
21,307777,T,C
21,307873,G,A
21,309816,T,C
21,310804,C,G
21,311320,G,T
21,312274,C,T
21,313283,C,T
21,313498,A,G
21,314977,T,C
21,315797,A,C
21,317684,T,C
21,317741,C,T
21,318450,G,A
21,318812,G,A
21,318995,C,T
21,319388,G,A
21,321376,A,G
21,321973,A,G
21,322670,C,G
21,324247,G,C
21,325171,T,C
21,325615,A,G
21,327393,T,C
21,327581,T,C
21,329451,C,T
21,331561,A,T
21,334824,T,A
21,338138,C,T
21,339115,T,C
21,339423,A,G
21,340332,T,A
21,340822,T,C
21,341099,G,A
21,341508,A,C
21,346690,G,A
21,346977,A,G
21,350593,T,C
21,351151,T,C
21,352717,G,A
21,353503,G,C
21,354542,G,A
21,354952,T,G
21,355134,T,A
21,356526,G,T
21,356779,T,C
21,358103,T,C
21,358360,G,A
21,362547,T,C
21,362814,T,A
21,363314,C,T
21,364426,A,G
21,365334,T,G
21,365530,A,G
21,367312,C,T
21,369692,A,G
21,370413,G,A
21,370468,C,T
21,370809,A,T
21,371086,G,T
21,374764,T,G
21,375486,T,TCAC
21,375619,G,A
21,377633,G,A
21,378111,A,G
21,379116,A,G
21,382607,T,C
21,383916,T,A
21,385376,A,AT
21,386152,A,T
21,386152,A,T
21,386181,T,C
21,386181,T,C
21,387613,T,C
21,388373,A,G
21,388633,A,G
21,391059,A,C
21,391425,G,A
21,394571,A,G
21,395945,A,G
21,396729,T,C
21,398289,A,C
21,398299,A,G
21,398365,T,C
21,399115,G,A
21,399679,A,G
21,399691,C,T
21,400054,T,C
21,400123,C,T
21,400133,A,G
21,404667,C,T
21,406858,T,C
21,407438,A,G
21,407658,T,C
21,408721,A,G
21,409555,T,C
21,409994,A,G
21,410702,T,C
21,412707,G,A
21,413286,A,G
21,415163,G,A
21,415932,T,G
21,416596,G,T
21,416774,A,AT
21,417297,A,G
21,417344,C,T
21,418060,A,G
21,420930,C,T
21,422298,C,G
21,422461,G,A
21,422552,C,T
21,423519,T,A
21,424674,T,C
21,424680,G,A
21,424753,T,C
21,431184,A,G
21,431211,T,C
21,431219,A,G
21,433152,C,T
21,433450,T,G
21,433718,A,G
21,435539,A,T
21,436318,T,C
21,437046,C,A
21,438204,C,G
21,438328,T,A
21,440540,T,C
21,442643,G,A
21,442836,C,T
21,443240,G,A
21,445106,G,C
21,445337,T,C
21,446406,G,A
21,448950,C,A
21,450655,A,G
21,451107,T,G
21,456559,A,G
21,460858,A,G
21,461822,T,C
21,462812,T,C
21,463641,A,G
21,464790,A,AGAGAC
21,466739,G,A
21,467263,T,C
21,468140,T,A
21,468647,T,C
21,469178,AC,A
21,470860,T,TA
21,470958,CCA,C
21,472610,T,A
21,475856,T,G
21,478288,T,C
21,478308,G,T
21,478686,T,C
21,478823,T,C
21,479475,T,C
21,479670,G,A
21,480042,C,T
21,482106,A,G
21,483381,T,C
21,484132,T,C
21,486182,C,T
21,486300,G,T
21,486799,C,T
21,486823,T,C
21,488233,T,C
21,488519,G,A
21,488557,G,A
21,489699,A,G
21,489784,C,T
21,491188,A,G
21,492167,T,C
21,493766,G,T
21,494025,G,A
21,495331,C,T
21,496033,T,G
21,497148,T,G
21,497563,T,G
21,497875,T,C
21,498137,T,C
21,499508,C,T
21,501278,T,C
21,503588,T,C
21,504051,A,G
21,505623,T,C
21,506042,A,G
21,506132,T,C
21,506137,C,T
21,507046,A,G
21,509349,A,G
21,509468,A,C
21,510296,G,T
21,511090,G,A
21,513070,T,C
21,515414,G,C
21,518364,G,T
21,520364,C,A
21,522053,G,A
21,522467,G,A
21,522531,C,T
21,523546,T,C
21,525968,T,C
21,527559,C,T
21,527677,A,T
21,527930,A,G
21,532635,A,G
21,533822,G,A
21,533888,A,G
21,534964,T,C
21,535567,G,A
21,536550,A,G
21,537144,C,T
21,537580,G,A
21,537828,A,G
21,538311,A,G
21,538321,T,G
21,542164,A,G
21,542420,A,C
21,542425,A,T
21,543585,T,C
21,545091,A,T
21,546134,T,C
21,546504,C,G
21,547387,A,C
21,548266,A,G
21,548456,A,G
21,550236,G,T
21,551163,T,G
21,551252,A,G
21,554098,G,A
21,554296,CC,C
21,560466,T,C
21,560643,T,C
21,561741,G,A
21,562922,T,G
21,566019,A,AAGAC
21,566596,T,C
21,567087,T,C
21,567150,T,C
21,567255,A,G
21,567267,T,C
21,567547,G,C
21,568254,A,G
21,571638,A,G
21,576636,T,C
21,577043,T,C
21,578015,G,A
21,578211,C,T
21,579728,T,C
21,580871,A,G
21,581594,A,G
21,582556,T,C
21,582758,C,CAT
21,583585,G,T
21,584976,A,G
21,585797,G,T
21,585953,C,A
21,586490,G,A
21,586865,T,C
21,588743,A,G
21,589095,A,G
21,589368,A,G
21,589455,A,G
21,589987,A,G
21,590145,T,C
21,591850,G,A
21,592559,A,G
21,594134,T,C
21,595103,G,A
21,596002,G,A
21,596143,T,C
21,596638,A,T
21,597336,T,C
21,598046,T,G
21,598177,A,G
21,598532,A,C
21,600233,T,C
21,601155,A,C
21,601748,TATTA,T
21,604503,T,C
21,604704,C,A
21,604803,C,T
21,605997,T,C
21,606053,C,T
21,606494,A,G
21,607226,C,T
21,608386,G,C
21,609046,T,A
21,609300,G,A
21,609847,T,C
21,616819,G,A
21,617034,A,G
21,617580,T,C
21,618214,A,G
21,620146,T,G
21,622437,T,C
21,622852,T,C
21,623940,C,T
21,624414,T,C
21,626321,C,T
21,626438,A,G
21,627501,T,C
21,628372,G,C
21,628400,A,C
21,630519,A,G
21,630786,T,C
21,630962,T,C
21,632657,A,C
21,634438,C,T
21,634994,G,GGA
21,635087,T,G
21,637507,T,C
21,638320,T,C
21,638667,A,G
21,638811,T,A
21,640393,A,G
21,641009,A,G
21,641837,G,A
21,642690,C,G
21,643640,C,T
21,644013,A,G
21,644510,A,G
21,644596,G,A
21,644908,A,T
21,646017,T,C
21,647013,G,A
21,651455,C,G
21,651592,G,A
21,651796,G,A
21,652766,G,T
21,655124,T,C
21,656506,A,G
21,656913,T,C
21,658424,T,C
21,658992,T,C
21,659382,G,A
21,660782,A,G
21,661651,G,A
21,662269,A,G
21,664928,G,A
21,665839,G,A
21,665960,T,C
21,667888,A,T
21,668851,A,G
21,668883,T,C
21,670106,A,C
21,672233,G,A
21,672479,C,T
21,673296,C,T
21,673380,T,C
21,674535,C,A
21,676345,T,C
21,677351,A,G
21,678299,T,C
21,679821,T,C
21,679979,G,A
21,681360,A,AGAC
21,681824,G,A
21,681959,G,A
21,682564,A,C
21,683428,A,G
21,683811,G,A
21,686130,T,C
21,686405,C,T
21,686659,T,C
21,688278,A,G
21,688879,A,G
21,692556,T,C
21,695739,G,A
21,696670,T,C
21,697499,C,T
21,698111,G,C
21,698294,A,G
21,698733,G,T
21,698949,G,A
21,699724,G,T
21,700030,TGGTG,T
21,701768,T,C
21,702150,A,G
21,705317,A,G
21,706168,C,T
21,707516,A,G
21,708283,A,G
21,708763,T,C
21,709196,A,G
21,709705,A,T
21,712218,A,C
21,713293,T,A
21,714138,T,A
21,716524,G,A
21,718332,G,A
21,718460,T,C
21,724905,C,A
21,725072,T,C
21,729836,A,T
21,731057,T,G
21,731714,T,C
21,731880,C,T
21,731882,T,C
21,731957,A,T
21,732221,T,A
21,732226,ATTGT,A
21,734734,A,AT
21,735351,G,T
21,735383,A,G
21,736130,C,A
21,736350,C,T
21,736495,T,C
21,740797,G,T
21,741046,T,C
21,742853,A,G
21,743903,G,A
21,744228,A,C
21,744257,T,C
21,744361,T,G
21,745628,G,T
21,745860,A,C
21,746603,T,C
21,747094,C,T
21,748130,T,C
21,748183,A,G
21,749250,T,A
21,749491,C,T
21,749661,ATCT,A
21,749755,A,G
21,750024,A,AATGACA
21,750816,T,C
21,751438,T,C
21,752053,A,C
21,753621,T,C
21,754099,T,C
21,756279,A,G
21,756691,T,C
21,757906,T,C
21,759076,A,G
21,760060,A,G
21,760443,AGCAC,A
21,761534,T,C
21,761835,A,G
21,763171,G,T
21,763665,T,A
21,763672,T,C
21,766327,TGGCCC,T
21,766403,G,A
21,766806,C,T
21,766914,A,C
21,767912,A,G
21,769073,G,A
21,772026,A,G
21,772697,A,G
21,773902,A,AAT
21,774982,C,T
21,777884,A,G
21,778103,A,T
21,778599,G,A
21,778806,G,A
21,780435,T,C
21,781687,T,C
21,782144,T,C
21,782362,T,C
21,783263,A,T
21,784711,G,A
21,784842,T,C
21,785127,G,A
21,786294,T,C
21,788914,T,C
21,789408,C,T
21,789529,A,G
21,792541,A,G
21,792630,T,C
21,795564,T,G
21,796228,G,A
21,796950,A,G
21,798461,C,T
21,799085,A,G
21,799575,T,TT
21,799740,A,T
21,800753,G,T
21,801269,T,C
21,801318,C,T
21,802226,T,C
21,804319,G,C
21,804519,A,G
21,806325,A,G
21,808547,A,G
21,809561,T,C
21,810109,A,G
21,810500,G,A
21,812507,C,T
21,813724,C,T
21,814595,G,C
21,814738,C,G
21,814804,G,A
21,815318,A,T
21,815769,A,G
21,815983,G,A
21,816394,A,G
21,817918,T,G
21,818049,T,G
21,820042,A,C
21,820547,T,C
21,820935,G,C
21,821069,A,T
21,821413,T,C
21,821918,A,G
21,824286,GCTAA,G
21,825147,A,G
21,826280,C,T
21,826594,T,C
21,828025,A,G
21,829333,A,G
21,829819,C,T
21,830071,A,G
21,832619,C,G
21,832920,A,G
21,834239,A,G
21,837029,A,G
21,838231,C,A
21,838684,A,C
21,839090,T,A
21,839270,T,C
21,840142,T,C
21,840595,T,C
21,841004,A,C
21,842641,A,G
21,844831,T,C
21,845422,T,C
21,846120,T,C
21,846726,C,A
21,847474,G,T
21,847526,A,C
21,849594,G,T
21,850365,A,G
21,850897,A,G
21,851862,G,A
21,852900,C,A
21,853282,A,T
21,853932,GGTCTT,G
21,854041,T,C
21,854451,A,G
21,855011,C,T
21,857094,A,G
21,857207,G,A
21,857753,T,C
21,858239,T,C
21,858582,T,G
21,860938,A,AGA
21,863682,T,G
21,867244,T,C
21,871528,T,C
21,872655,G,C
21,873142,G,A
21,876824,C,T
21,878351,G,A
21,879864,T,C
21,880149,A,G
21,880371,C,T
21,882048,G,C
21,888430,A,AC
21,889158,A,T
21,889498,A,G
21,890298,C,T
21,890716,C,A
21,890718,G,T
21,891339,A,T
21,891562,G,A
21,892531,A,C
21,893050,G,T
21,895689,G,A
21,898400,A,T
21,898467,A,G
21,901650,T,C
21,904787,G,C
21,905234,G,A
21,907945,T,C
21,908172,T,A
21,908206,TTTT,T
21,908248,G,A
21,908787,T,C
21,909415,A,G
21,909417,A,G
21,910345,G,C
21,910404,G,A
21,912112,T,A
21,912422,G,A
21,912768,A,G
21,913680,G,A
21,914473,T,G
21,914653,C,G
21,915146,T,C
21,915323,A,G
21,915374,G,A
21,917603,G,A
21,918637,T,C
21,919499,C,T
21,919945,C,T
21,919975,C,G
21,920444,C,T
21,920608,A,G
21,921254,G,A
21,921649,T,C
21,922896,A,C
21,925637,T,C
21,926159,G,A
21,927088,A,T
21,927197,T,C
21,927342,A,G
21,927693,G,A
21,927846,C,T
21,928694,A,G
21,928741,T,C
21,929737,G,A
21,929753,A,G
21,930195,A,C
21,930791,A,G
21,930915,T,A
21,931016,A,G
21,932461,A,G
21,932649,G,C
21,933770,A,G
21,934707,T,C
21,935834,A,G
21,936665,A,G
21,936719,A,G
21,937558,T,C
21,940662,A,C
21,941086,T,A
21,942080,G,T
21,942765,G,A
21,945922,T,G
21,946194,TA,T
21,947550,T,C
21,950171,G,A
21,951605,C,G
21,953365,T,A
21,953601,G,A
21,954082,C,T
21,954106,T,C
21,954661,C,G
21,954843,T,G
21,955922,T,C
21,956993,A,C
21,958784,G,A
21,960049,A,G
21,961664,T,C
21,963148,T,C
21,964450,A,G
21,965403,G,A
21,966440,A,G
21,967602,G,C
21,968888,T,C
21,971114,A,G
21,971631,A,T
21,972697,T,C
21,973655,T,A
21,977399,C,T
21,978387,A,G
21,981025,T,C
21,981286,T,C
21,982679,A,ACTACA
21,983924,C,T
21,984912,C,T
21,985316,A,G
21,987071,T,C
21,987353,T,C
21,987998,A,C
21,990152,C,G
21,991239,G,C
21,991251,G,C
21,992166,A,G
21,993156,A,G
21,993532,T,C
21,994544,A,G
21,994875,ACAG,A
21,997076,A,G
21,997377,A,C
21,998186,C,T
21,1000373,A,G
21,1003592,T,C
21,1004638,A,G
21,1004796,G,A
21,1006615,C,G
21,1006995,T,C
21,1007501,A,C
21,1009165,G,T
21,1010730,G,A
21,1011268,AG,A
21,1012476,A,G
21,1012903,A,G
21,1013687,T,G
21,1014375,T,A
21,1014800,A,G
21,1014956,G,C
21,1016010,A,G
21,1017383,A,G
21,1017976,A,G
21,1023787,TA,T
21,1025226,A,C
21,1025480,T,C
21,1025752,A,G
21,1027116,G,A
21,1027491,T,C
21,1029203,T,C
21,1030301,G,A
21,1030517,A,G
21,1031382,A,T
21,1031970,A,T
21,1032098,T,C
21,1033013,A,G
21,1034373,G,A
21,1035051,G,A
21,1035442,GC,G
21,1036960,G,GCGGT
21,1038110,A,T
21,1038712,C,A
21,1041961,T,C
21,1045230,C,T
21,1049590,A,G
21,1049597,A,G
21,1049736,T,C
21,1050590,A,G
21,1052053,C,T
21,1052189,A,G
21,1052556,A,G
21,1055311,A,T
21,1057384,C,T
21,1058764,T,C
21,1060441,GAAC,G
21,1061046,T,G
21,1065708,G,A
21,1066094,C,G
21,1066404,G,A
21,1068019,T,A
21,1068211,T,C
21,1068418,T,C
21,1069333,G,A
21,1069333,G,A
21,1070031,G,T
21,1072995,A,G
21,1074264,G,T
21,1075775,A,G
21,1076245,C,G
21,1076915,A,T
21,1077175,T,C
21,1078683,C,CT
21,1078770,C,T
21,1079231,G,C
21,1080309,C,A
21,1080345,G,A
21,1080646,A,G
21,1081170,C,T
21,1083531,C,T
21,1083556,T,C
21,1083622,A,G
21,1083803,T,TAACTC
21,1085926,G,A
21,1086100,C,T
21,1086554,A,G
21,1087814,G,C
21,1089233,C,T
21,1090082,A,T
21,1090634,A,G
21,1092097,A,G
21,1092323,G,GT
21,1092633,C,A
21,1093127,A,G
21,1093495,C,A
21,1095716,A,G
21,1095948,T,G
21,1097195,C,T
21,1097688,T,C
21,1098040,A,G
21,1099217,G,A
21,1100406,T,C
21,1100970,G,A
21,1101639,C,G
21,1104884,A,C
21,1106209,T,C
21,1107082,T,C
21,1107228,G,A
21,1108329,C,T
21,1108488,A,T
21,1108852,C,G
21,1109497,C,T
21,1111840,T,C
21,1114562,T,A
21,1116933,T,A
21,1117565,A,G
21,1119017,G,A
21,1119030,G,T
21,1120104,C,T
21,1121285,C,T
21,1122728,A,C
21,1123247,T,C
21,1124406,G,A
21,1125170,G,A
21,1127818,T,C
21,1128021,T,G
21,1128299,A,T
21,1128831,T,C
21,1128831,T,C
21,1131405,G,A
21,1132176,T,C
21,1132481,A,G
21,1132703,C,T
21,1133115,T,A
21,1134565,T,A
21,1134889,A,AGC
21,1135214,A,G
21,1137894,T,C
21,1138213,G,A
21,1139281,G,A
21,1139997,T,C
21,1140436,T,C
21,1141292,A,T
21,1141943,C,T
21,1142031,A,G
21,1142083,T,A
21,1142598,A,ATAT
21,1143598,A,T
21,1149319,G,A
21,1149861,T,C
21,1150903,G,C
21,1152155,T,G
21,1153765,G,A
21,1155872,G,A
21,1156397,T,C
21,1156540,G,T
21,1157454,T,C
21,1158643,AGAAAG,A
21,1158869,G,A
21,1160957,A,G
21,1161043,G,A
21,1161055,A,G
21,1161242,G,A
21,1161754,C,G
21,1162646,A,G
21,1165352,C,T
21,1166343,T,G
21,1166657,A,C
21,1167928,T,TCATGCGC
21,1167985,A,T
21,1168184,A,G
21,1169214,AAT,A
21,1171213,T,C
21,1177738,T,A
21,1178165,T,C
21,1178809,G,A
21,1180926,T,C
21,1181130,A,G
21,1183257,A,G
21,1183280,A,G
21,1183348,G,A
21,1183629,G,A
21,1183651,T,C
21,1184261,G,A
21,1186079,A,G
21,1186852,T,C
21,1187274,A,G
21,1189157,G,T
21,1192151,T,C
21,1192171,T,C
21,1192997,C,T
21,1195207,C,T
21,1198762,T,C
21,1199447,A,G
21,1199630,A,G
21,1202445,C,T
21,1203676,C,T
21,1203703,C,T
21,1203780,G,A
21,1204469,A,T
21,1204472,T,A
21,1205135,A,G
21,1205174,C,G
21,1205667,A,G
21,1206170,T,C
21,1206560,A,G
21,1206647,T,C
21,1210358,T,G
21,1213454,A,G
21,1213686,A,T
21,1214355,T,G
21,1214836,AATA,A
21,1215547,T,C
21,1216077,A,T
21,1216992,A,G
21,1219258,TCAA,T
21,1219304,G,T
21,1219577,A,C
21,1220019,G,A
21,1220217,A,G
21,1220245,A,G
21,1220646,A,G
21,1220875,G,A
21,1221091,A,C
21,1223258,A,G
21,1224249,T,A
21,1225194,T,C
21,1226432,C,T
21,1227021,G,C
21,1227048,A,G
21,1228080,T,C
21,1228462,A,G
21,1231161,A,T
21,1232273,T,G
21,1233163,T,C
21,1234416,A,G
21,1234928,A,G
21,1236593,A,G
21,1238266,A,G
21,1240717,C,G
21,1242129,T,C
21,1242226,A,G
21,1242902,T,C
21,1243155,A,ATGGG
21,1244007,A,G
21,1245271,T,G
21,1245519,A,G
21,1248637,G,T
21,1249231,T,C
21,1249995,A,G
21,1250892,T,C
21,1251109,C,T
21,1252130,G,GT
21,1252876,T,C
21,1253138,A,G
21,1253503,G,A
21,1254184,A,G
21,1254735,T,C
21,1254772,G,A
21,1255165,A,C
21,1256375,G,T
21,1257330,G,A
21,1258404,A,G
21,1260571,C,A
21,1260966,T,C
21,1261382,T,G
21,1262827,G,A
21,1263159,C,T
21,1265368,A,G
21,1269103,T,G
21,1271208,G,A
21,1271543,C,T
21,1272151,T,C
21,1272234,G,T
21,1272951,A,G
21,1274007,T,G
21,1275532,G,C
21,1276159,A,G
21,1278347,C,T
21,1278764,A,AGT
21,1279260,G,A
21,1280456,A,C
21,1280586,C,A
21,1281243,C,G
21,1281601,T,C
21,1281876,GAGA,G
21,1283235,T,A
21,1284195,T,C
21,1285280,T,G
21,1286211,G,A
21,1290408,A,G
21,1290411,A,G
21,1291032,T,C
21,1291271,T,C
21,1292661,G,A
21,1294901,A,G
21,1297918,T,G
21,1300917,G,A
21,1301133,G,A
21,1301146,T,TG
21,1301813,ATGTC,A
21,1302270,C,T
21,1302333,G,A
21,1303604,T,C
21,1304703,C,A
21,1305055,A,C
21,1305217,T,C
21,1305272,T,C
21,1305698,T,C
21,1306940,A,T
21,1307018,T,A
21,1307018,T,A
21,1307275,G,A
21,1310298,G,A
21,1310706,G,C
21,1310836,A,C
21,1313277,T,C
21,1313763,T,C
21,1314630,A,T
21,1316975,A,G
21,1318639,T,C
21,1319551,C,G
21,1321093,A,C
21,1322698,G,A
21,1324469,A,G
21,1326143,A,ATG
21,1326910,A,AAT
21,1327404,C,T
21,1327676,A,G
21,1328085,T,C
21,1330936,G,A
21,1334236,A,C
21,1334466,C,G
21,1335412,A,AG
21,1336531,G,A
21,1336531,G,A
21,1337230,G,A
21,1337875,G,A
21,1340443,T,C
21,1341886,G,C
21,1342141,A,C
21,1346943,T,C
21,1346973,G,A
21,1348050,C,A
21,1351523,A,G
21,1351642,C,A
21,1352217,G,A
21,1353760,C,T
21,1354251,A,G
21,1355076,T,C
21,1355797,T,C
21,1356467,T,G
21,1356538,C,T
21,1357011,T,G
21,1357068,T,TA
21,1357272,T,C
21,1357585,A,T
21,1359037,T,G
21,1359057,C,A
21,1362374,G,A
21,1363300,C,CA
21,1363684,T,C
21,1363969,GT,G
21,1365253,C,T
21,1365860,T,G
21,1367733,G,A
21,1368212,T,C
21,1368563,T,A
21,1370680,C,T
21,1373180,C,G
21,1374093,T,C
21,1374725,A,C
21,1375521,C,T
21,1376080,A,G
21,1376580,A,G
21,1376773,G,A
21,1376993,A,G
21,1378255,T,C
21,1381173,A,G
21,1381860,T,C
21,1383081,C,T
21,1385631,A,G
21,1385767,G,T
21,1387433,T,C
21,1387970,C,T
21,1388712,A,C
21,1390473,G,A
21,1390833,C,G
21,1390992,T,G
21,1391245,C,T
21,1391807,T,A
21,1393794,A,T
21,1394379,A,G
21,1396248,G,C
21,1396256,A,T
21,1397768,A,G
21,1398367,G,A
21,1399713,A,G
21,1400288,G,A
21,1401226,A,T
21,1402044,C,T
21,1402916,T,C
21,1402994,G,GCAT
21,1403983,T,C
21,1404128,C,T
21,1404517,A,G
21,1405087,T,C
21,1406872,T,C
21,1409180,A,G
21,1412326,G,A
21,1412701,T,C
21,1415372,C,G
21,1416715,A,T
21,1417103,G,T
21,1417235,TAG,T
21,1417284,C,T
21,1419233,G,A
21,1421134,G,C
21,1422731,T,G
21,1423414,G,T
21,1425022,C,T
21,1427101,C,T
21,1427141,A,C
21,1429030,C,A
21,1434293,T,C
21,1434444,A,C
21,1436868,T,C
21,1437358,G,A
21,1437406,A,G
21,1437968,A,G
21,1438660,T,C
21,1438999,A,T
21,1439045,T,A
21,1440781,G,T
21,1441561,T,C
21,1442875,C,G
21,1443620,G,A
21,1444443,A,T
21,1445326,A,G
21,1445436,G,A
21,1445950,G,C
21,1446448,T,C
21,1446880,A,G
21,1447326,C,T
21,1447744,C,A
21,1448628,T,C
21,1449121,A,G
21,1449351,T,C
21,1452762,G,A
21,1452848,T,G
21,1455407,G,A
21,1456899,C,T
21,1457463,T,C
21,1457928,G,A
21,1458301,A,G
21,1462397,G,A
21,1462749,G,A
21,1462791,A,T
21,1463522,G,A
21,1464020,T,C
21,1465062,C,T
21,1471155,A,T
21,1471724,C,G
21,1472719,T,A
21,1474270,A,C
21,1474529,A,G
21,1474939,T,G
21,1475472,A,G
21,1477613,C,T
21,1477667,A,G
21,1480332,A,T
21,1482187,A,G
21,1482643,C,A
21,1485184,A,G
21,1485184,A,G
21,1485676,A,T
21,1485766,A,G
21,1489233,A,G
21,1490729,T,G
21,1493585,T,C
21,1493701,G,A
21,1494287,T,C
21,1494458,G,A
21,1495828,G,A
21,1496113,C,T
21,1498385,T,C
21,1501511,A,G
21,1502187,T,G
21,1503371,T,C
21,1504117,A,G
21,1505053,A,C
21,1505067,T,A
21,1505545,T,G
21,1505558,A,G
21,1506323,TC,T
21,1510015,A,G
21,1510750,A,G
21,1511150,C,G
21,1512621,T,C
21,1512639,C,G
21,1512984,A,G
21,1514978,T,C
21,1514978,T,C
21,1515227,C,T
21,1516875,C,T
21,1516902,C,A
21,1517840,T,C
21,1517938,T,A
21,1518255,T,A
21,1518566,G,A
21,1520818,C,T
21,1521566,T,C
21,1521742,T,C
21,1522159,A,G
21,1522481,G,A
21,1522974,T,A
21,1525210,T,A
21,1525287,T,G
21,1525377,A,G
21,1526527,C,T
21,1526787,G,GG
21,1527023,T,A
21,1528148,A,G
21,1532753,T,A
21,1534850,A,G
21,1534864,C,G
21,1535345,T,C
21,1536679,A,G
21,1536981,C,T
21,1537375,T,G
21,1538244,A,G
21,1538497,C,G
21,1540619,T,C
21,1541048,T,C
21,1541175,T,C
21,1541316,G,A
21,1542212,T,C
21,1543702,T,A
21,1544077,A,C
21,1545115,T,C
21,1545998,A,G
21,1546499,T,G
21,1546876,G,T
21,1547986,G,A
21,1549009,A,T
21,1552891,A,T
21,1553692,T,C
21,1554924,T,C
21,1555310,A,G
21,1557413,G,A
21,1558426,T,A
21,1559882,A,T
21,1561538,T,G
21,1562063,A,T
21,1562315,A,G
21,1562470,T,C
21,1564135,A,G
21,1564281,A,G
21,1565384,C,A
21,1565409,A,ATGG
21,1565445,A,G
21,1566751,T,C
21,1566963,C,T
21,1567379,G,A
21,1567928,A,G
21,1568342,T,A
21,1568620,A,T
21,1568944,A,G
21,1569154,A,G
21,1572141,A,G
21,1572153,T,C
21,1573204,A,G
21,1575755,G,A
21,1575954,T,C
21,1576066,C,G
21,1578799,T,C
21,1579402,T,A
21,1581560,T,C
21,1582565,T,A
21,1583524,C,G
21,1583775,C,T
21,1586358,T,G
21,1586819,T,C
21,1588681,T,C
21,1589597,G,A
21,1589942,T,A
21,1592492,T,G
21,1593917,G,A
21,1595341,T,A
21,1595835,T,C
21,1596497,T,C
21,1597230,T,C
21,1598352,G,A
21,1598485,A,G
21,1599099,C,A
21,1600298,A,C
21,1602095,T,C
21,1602519,A,G
21,1605281,T,C
21,1606415,C,T
21,1606794,A,C
21,1606895,G,T
21,1607151,C,A
21,1609413,C,T
21,1609877,A,G
21,1610182,G,A
21,1611403,A,AAGTG
21,1613336,A,G
21,1613363,T,C
21,1614616,A,T
21,1616020,T,C
21,1616503,G,T
21,1617454,G,A
21,1617744,T,C
21,1619674,G,A
21,1621585,A,C
21,1621746,A,G
21,1621846,T,G
21,1622591,T,C
21,1622971,C,T
21,1626820,G,A
21,1627926,TC,T
21,1628012,T,C
21,1631931,A,G
21,1633309,A,G
21,1633433,T,C
21,1633701,A,G
21,1633701,A,G
21,1637330,T,G
21,1637585,T,C
21,1638301,A,T
21,1638669,A,G
21,1639796,A,G
21,1641692,A,G
21,1642258,T,C
21,1642448,T,C
21,1643786,T,C
21,1645840,A,G
21,1645843,A,G
21,1645876,AAAGAA,A
21,1646751,T,C
21,1646984,A,G
21,1648591,C,T
21,1648661,C,T
21,1649869,G,A
21,1650143,G,C
21,1651677,A,G
21,1652496,T,C
21,1653176,T,G
21,1653651,T,G
21,1655621,C,A
21,1657252,T,G
21,1658489,A,G
21,1658522,A,G
21,1659853,C,T
21,1661217,A,G
21,1662409,A,T
21,1662789,T,C
21,1663129,G,A
21,1663982,T,A
21,1664434,C,A
21,1665355,G,T
21,1666104,T,C
21,1666853,C,T
21,1667178,T,C
21,1667262,A,C
21,1667507,A,C
21,1673955,C,G
21,1675361,A,T
21,1675586,G,A
21,1681713,C,A
21,1682980,G,A
21,1684208,G,A
21,1686522,A,T
21,1686667,C,T
21,1688399,T,G
21,1689010,G,A
21,1690419,A,G
21,1690697,TATT,T
21,1690996,T,C
21,1694037,C,T
21,1694253,T,C
21,1696871,C,T
21,1697562,G,T
21,1698103,C,A
21,1698701,A,G
21,1699215,T,C
21,1700631,TATAT,T
21,1700829,G,A
21,1701636,T,A
21,1702126,C,T
21,1702669,C,T
21,1703492,C,G
21,1704559,A,C
21,1705618,A,G
21,1707017,A,T
21,1707748,T,G
21,1709955,T,C
21,1712399,A,G
21,1713702,T,C
21,1714276,C,G
21,1715881,A,G
21,1717450,G,A
21,1717952,C,T
21,1718390,A,G
21,1718908,A,G
21,1720599,G,T
21,1720919,A,G
21,1723070,C,T
21,1723614,T,C
21,1724057,A,G
21,1724801,T,C
21,1724862,A,C
21,1726217,A,C
21,1726898,A,G
21,1728151,A,C
21,1728433,C,A
21,1730120,T,C
21,1730490,T,C
21,1730606,T,G
21,1730786,T,C
21,1730984,T,C
21,1732280,A,T
21,1735271,A,G
21,1736096,G,A
21,1736265,A,T
21,1738153,T,G
21,1739664,G,A
21,1739734,A,G
21,1740685,T,C
21,1741023,A,G
21,1741049,T,C
21,1741854,T,C
21,1742603,G,A
21,1742653,A,C
21,1743970,T,G
21,1744133,T,C
21,1746090,C,T
21,1747737,T,G
21,1747780,C,T
21,1748274,A,G
21,1748890,A,G
21,1749947,T,C
21,1751549,G,A
21,1752247,T,C
21,1753239,C,G
21,1754590,T,C
21,1755014,A,T
21,1756990,T,A
21,1759794,G,A
21,1759821,T,G
21,1760224,A,T
21,1760304,T,C
21,1760663,T,G
21,1762760,G,A
21,1763350,A,T
21,1764516,G,T
21,1765871,T,C
21,1765944,T,C
21,1767559,A,G
21,1767940,C,T
21,1769963,C,A
21,1770259,G,A
21,1770422,G,T
21,1771501,G,A
21,1774252,G,A
21,1774548,G,C
21,1778504,T,G
21,1778679,T,C
21,1780016,C,T
21,1780540,C,T
21,1780941,G,GG
21,1781505,T,C
21,1782154,C,T
21,1782154,C,T
21,1782383,G,C
21,1782498,G,A
21,1782569,T,C
21,1784269,A,G
21,1784408,T,C
21,1784609,T,C
21,1785167,A,G
21,1786075,A,G
21,1786701,T,C
21,1787561,C,T
21,1787852,A,G
21,1788637,T,C
21,1792353,A,G
21,1792707,G,A
21,1794386,T,G
21,1794478,G,A
21,1794788,A,T
21,1794873,G,A
21,1795484,T,A
21,1795932,A,C
21,1797118,A,G
21,1798690,A,G
21,1800130,A,T
21,1800934,A,G
21,1801593,C,T
21,1802617,A,G
21,1803084,G,T
21,1803439,A,G
21,1804583,C,T
21,1804834,A,G
21,1804920,T,C
21,1804965,T,C
21,1805706,A,G
21,1805804,T,A
21,1806552,T,C
21,1806660,A,G
21,1807952,A,G
21,1810815,T,C
21,1812657,C,T
21,1818380,T,A
21,1818970,A,G
21,1820442,A,G
21,1820952,T,A
21,1822974,C,G
21,1824783,A,G
21,1825547,A,G
21,1827856,CA,C
21,1830614,T,C
21,1830716,G,A
21,1833872,G,A
21,1834328,A,G
21,1835291,T,C
21,1836207,C,T
21,1840206,A,G
21,1843225,G,A
21,1846326,A,C
21,1849815,T,C
21,1850277,T,G
21,1850890,T,G
21,1851200,A,T
21,1851614,A,T
21,1852040,T,C
21,1852617,G,C
21,1852822,C,A
21,1852913,G,T
21,1853126,C,T
21,1853190,T,C
21,1853885,T,C
21,1854165,T,G
21,1854388,A,C
21,1854525,T,A
21,1854599,AGGTT,A
21,1855780,T,C
21,1856406,A,G
21,1859024,G,A
21,1862080,A,G
21,1862210,T,C
21,1863069,C,T
21,1863399,T,A
21,1865353,T,C
21,1865523,A,G
21,1868447,C,T
21,1871683,C,T
21,1872810,T,G
21,1873357,G,A
21,1874942,A,C
21,1875480,A,G
21,1877673,C,A
21,1877846,T,A
21,1880088,T,C
21,1880632,A,C
21,1880662,G,A
21,1881128,A,G
21,1882143,T,C
21,1882349,T,C
21,1883786,T,A
21,1885406,T,C
21,1885949,G,A
21,1886522,A,G
21,1887622,A,C
21,1888154,G,A
21,1888325,C,G
21,1888327,T,A
21,1888370,T,C
21,1889854,G,A
21,1890401,C,G
21,1890818,C,G
21,1891002,A,T
21,1891227,G,A
21,1891782,A,G
21,1892455,T,C
21,1893361,T,C
21,1894164,A,G
21,1896631,T,A
21,1898104,A,C
21,1899598,T,C
21,1900739,G,A
21,1902637,A,G
21,1903218,A,G
21,1904413,A,G
21,1905336,C,T
21,1906033,T,C
21,1906381,T,C
21,1907141,G,A
21,1909080,A,T
21,1909734,C,T
21,1913574,A,G
21,1914656,A,G
21,1915501,T,G
21,1915565,G,T
21,1915752,C,T
21,1917536,G,T
21,1919324,T,C
21,1920480,C,T
21,1920504,C,G
21,1920936,T,C
21,1921348,A,G
21,1922575,A,G
21,1923173,T,C
21,1924434,G,T
21,1925201,G,A
21,1927045,A,G
21,1930782,T,C
21,1930782,T,C
21,1931678,A,G
21,1931777,C,T
21,1932576,C,T
21,1932713,G,T
21,1933030,G,GC
21,1934522,T,C
21,1934541,T,G
21,1934865,A,G
21,1936101,G,A
21,1936360,C,G
21,1936425,A,G
21,1936679,T,C
21,1936919,G,A
21,1937847,A,G
21,1938136,A,T
21,1939123,A,G
21,1940426,A,T
21,1941321,G,C
21,1943083,G,C
21,1945069,A,C
21,1945198,C,G
21,1946412,T,C
21,1946884,G,C
21,1947496,C,T
21,1951054,T,C
21,1952854,C,T
21,1952927,G,A
21,1953308,C,T
21,1955443,AGT,A
21,1957180,A,G
21,1957706,A,G
21,1957837,A,G
21,1958318,T,A
21,1958617,T,C
21,1959463,A,G
21,1960028,A,G
21,1960152,A,G
21,1961047,G,C
21,1961424,T,C
21,1963709,C,G
21,1963915,A,T
21,1964591,A,G
21,1965045,T,C
21,1967581,G,A
21,1969292,A,G
21,1969401,G,A
21,1969939,A,C
21,1971193,C,T
21,1971496,A,G
21,1971971,T,C
21,1973103,G,A
21,1974072,G,GG
21,1974762,A,G
21,1974994,G,T
21,1975139,T,C
21,1977427,T,G
21,1978307,G,GC
21,1978451,T,C
21,1982059,T,C
21,1982299,G,C
21,1983016,T,C
21,1983092,T,G
21,1983571,G,T
21,1984289,T,C
21,1984405,T,G
21,1984852,T,A
21,1985288,A,T
21,1987124,C,T
21,1988081,C,T
21,1989471,T,C
21,1990172,T,C
21,1990360,T,C
21,1994437,G,C
21,1996038,T,C
21,1996052,C,A
21,1997191,C,G
21,1997566,T,C
21,1998226,T,C
21,1998478,C,T
21,1999751,C,CAT
21,1999811,C,T
21,1999999,G,T
21,2001040,T,C
21,2002046,A,G
21,2004985,G,C
21,2005220,A,G
21,2005888,C,T
21,2006313,T,A
21,2006524,T,C
21,2006624,T,G
21,2008304,A,C
21,2009793,A,G
21,2009969,T,C
21,2010945,T,C
21,2012516,G,C
21,2014208,C,G
21,2015729,C,T
21,2017029,T,C
21,2017388,T,C
21,2017812,A,G
21,2018251,A,G
21,2018497,G,A
21,2019179,G,A
21,2019208,G,A
21,2019564,A,G
21,2020748,T,C
21,2022343,T,C
21,2022681,A,G
21,2023014,A,G
21,2024026,G,A
21,2025656,C,G
21,2026665,T,C
21,2026973,T,G
21,2027456,AG,A
21,2029509,T,G
21,2030788,T,A
21,2031367,A,G
21,2032874,C,T
21,2033413,A,G
21,2033949,T,TCGCTTCGGCA
21,2036678,C,T
21,2038535,A,G
21,2039127,G,T
21,2041447,A,G
21,2042059,T,C
21,2043763,G,A
21,2043791,G,T
21,2044074,C,T
21,2045481,T,C
21,2045695,T,A
21,2046250,AGCAGT,A
21,2048025,T,C
21,2048329,G,A
21,2049730,A,G
21,2050416,T,C
21,2051707,G,A
21,2055106,T,C
21,2055354,T,C
21,2057391,C,T
21,2057410,A,G
21,2057644,GTA,G
21,2059023,G,A
21,2059034,G,C
21,2059366,A,G
21,2059592,C,A
21,2060520,C,T
21,2061502,A,G
21,2061608,T,G
21,2061813,T,C
21,2062958,C,T
21,2063814,T,C
21,2065910,C,T
21,2066840,T,C
21,2067571,C,A
21,2067724,G,A
21,2067866,C,T
21,2071017,A,C
21,2071561,G,A
21,2071620,A,G
21,2072474,T,C
21,2075607,G,A
21,2076802,T,C
21,2077583,T,C
21,2078253,T,G
21,2078984,C,T
21,2079697,A,G
21,2082708,C,T
21,2083375,T,A
21,2083477,C,T
21,2084183,C,G
21,2087750,C,T
21,2089352,G,A
21,2089782,T,C
21,2090123,T,C
21,2091309,A,G
21,2091455,T,C
21,2092051,A,T
21,2092994,C,T
21,2093355,T,C
21,2094496,T,C
21,2095511,A,G
21,2098206,A,G
21,2098668,T,C
21,2098919,T,A
21,2098960,A,G
21,2099197,T,G
21,2101957,C,T
21,2104036,A,C
21,2105331,A,G
21,2106619,A,G
21,2107521,T,C
21,2107705,T,C
21,2108420,T,C
21,2108572,G,GATTACAG
21,2108975,C,T
21,2109762,G,A
21,2110354,G,A
21,2110686,G,A
21,2112841,T,C
21,2112994,G,A
21,2113323,T,C
21,2113771,A,T
21,2116281,C,T
21,2118270,G,T
21,2118272,A,G
21,2118625,C,T
21,2119283,G,A
21,2119584,T,C
21,2120761,G,T
21,2121769,T,A
21,2125592,G,C
21,2126525,T,C
21,2127158,C,T
21,2127909,C,A
21,2128256,T,G
21,2128548,A,G
21,2128640,A,G
21,2129469,T,C
21,2131598,T,G
21,2132504,C,T
21,2132702,G,T
21,2135393,T,C
21,2136273,T,C
21,2136723,A,G
21,2137171,T,C
21,2137217,C,T
21,2138228,C,A
21,2140792,A,G
21,2141074,T,C
21,2141767,T,G
21,2142789,A,C
21,2142802,A,AACCTAC
21,2143430,G,A
21,2143997,A,G
21,2144219,T,A
21,2146779,G,A
21,2147312,A,G
21,2148294,A,G
21,2148460,T,C
21,2149278,T,G
21,2149287,T,G
21,2149624,A,AT
21,2150710,C,T
21,2153722,A,T
21,2154348,T,C
21,2154503,TGCAT,T
21,2156368,G,GTCCGTCT
21,2156925,A,C
21,2158081,A,T
21,2158942,T,C
21,2159328,T,TC
21,2159507,G,A
21,2160442,T,C
21,2161423,T,C
21,2165100,G,T
21,2165315,A,G
21,2165329,T,C
21,2165860,A,G
21,2167135,T,C
21,2167680,C,T
21,2168387,T,A
21,2168387,T,A
21,2168505,C,T
21,2169406,T,G
21,2169560,A,T
21,2170218,GC,G
21,2170373,T,C
21,2170953,A,C
21,2172513,T,A
21,2173004,AG,A
21,2177016,G,A
21,2177120,C,A
21,2178040,C,T
21,2178431,T,C
21,2178952,C,G
21,2179000,A,G
21,2179232,T,G
21,2179393,G,A
21,2180224,A,G
21,2181748,T,C
21,2182759,A,G
21,2184118,A,G
21,2184430,T,C
21,2185271,A,G
21,2189077,A,T
21,2189971,T,C
21,2190809,T,C
21,2191973,T,C
21,2195021,T,C
21,2195730,A,G
21,2195941,T,G
21,2196272,C,T
21,2196748,T,G
21,2196956,C,T
21,2197423,G,A
21,2197667,T,C
21,2197696,G,T
21,2198410,T,C
21,2199839,G,A
21,2200087,A,G
21,2200187,T,C
21,2200588,A,G
21,2202193,C,T
21,2202868,A,AGC
21,2203393,C,T
21,2203744,A,G
21,2203780,C,T
21,2205949,G,A
21,2206752,C,T
21,2206853,A,G
21,2209419,T,C
21,2209774,T,C
21,2209936,T,C
21,2210332,T,A
21,2210642,A,G
21,2211290,C,T
21,2211548,T,A
21,2212396,G,A
21,2212902,A,AT
21,2212959,A,G
21,2213719,T,A
21,2214467,A,G
21,2214800,G,A
21,2214949,A,G
21,2218807,T,C
21,2219108,A,ACTC
21,2219497,T,G
21,2219539,T,C
21,2220318,C,T
21,2221018,A,T
21,2223145,T,TATC
21,2223247,C,G
21,2224091,T,G
21,2224345,T,C
21,2224694,A,G
21,2224815,A,G
21,2226509,T,G
21,2226970,A,G
21,2229582,A,G
21,2231221,T,G
21,2232398,A,G
21,2234716,ACCTGG,A
21,2235064,T,A
21,2237215,C,T
21,2237741,C,T
21,2238573,T,G
21,2242717,A,T
21,2244719,T,A
21,2245996,C,T
21,2246620,C,A
21,2247116,T,C
21,2249244,C,T
21,2249419,A,G
21,2251384,T,C
21,2253263,T,C
21,2254302,G,A
21,2256493,T,C
21,2258200,T,C
21,2258543,T,C
21,2259852,G,A
21,2262651,T,C
21,2262718,T,C
21,2266552,C,T
21,2270144,T,C
21,2272600,C,T
21,2273693,A,C
21,2274060,A,G
21,2274440,T,C
21,2276057,C,T
21,2276373,C,T
21,2276726,T,TAG
21,2279060,T,A
21,2279775,G,C
21,2279942,T,C
21,2280546,G,A
21,2281060,C,T
21,2281511,T,C
21,2281650,G,A
21,2283010,T,C
21,2283732,T,A
21,2285905,A,G
21,2286076,G,C
21,2286492,T,G
21,2286866,T,C
21,2290905,C,T
21,2290961,G,A
21,2290993,A,G
21,2292951,A,G
21,2293364,A,G
21,2293504,T,C
21,2293768,A,G
21,2294028,A,G
21,2295297,A,G
21,2295487,G,T
21,2295497,A,G
21,2296793,G,A
21,2297764,T,TC
21,2301507,G,T
21,2302187,T,C
21,2302669,A,G
21,2302782,A,C
21,2302871,T,C
21,2304135,A,G
21,2304138,T,A
21,2304246,G,A
21,2304792,G,A
21,2305791,T,C
21,2306426,C,T
21,2306858,T,C
21,2306949,A,G
21,2308068,G,C
21,2308629,T,A
21,2308894,C,T
21,2309543,C,T
21,2309618,A,C
21,2309914,A,G
21,2312087,T,C
21,2314271,T,A
21,2316594,T,C
21,2317492,A,C
21,2319952,T,G
21,2320241,T,C
21,2320519,T,C
21,2321196,C,G
21,2321216,A,G
21,2321714,A,G
21,2321894,G,A
21,2323166,G,A
21,2324344,C,T
21,2325309,T,G
21,2325833,T,C
21,2328451,A,G
21,2330897,G,A
21,2331714,A,G
21,2332084,A,G
21,2332322,T,A
21,2334610,G,A
21,2334635,T,G
21,2334887,T,C
21,2337966,A,G
21,2340537,T,C
21,2340774,A,G
21,2341597,C,T
21,2341765,C,CG
21,2341999,G,A
21,2344367,G,A
21,2344697,A,G
21,2345586,C,G
21,2347242,A,G
21,2347618,G,C
21,2352218,A,G
21,2352704,A,C
21,2353174,C,G
21,2353827,T,C
21,2354148,C,G
21,2356316,G,A
21,2356636,T,C
21,2358639,G,A
21,2358841,T,C
21,2359277,T,C
21,2362942,A,G
21,2363350,T,C
21,2364267,TGTCTG,T
21,2364467,A,AACACGT
21,2364559,A,T
21,2364808,T,C
21,2365853,C,CTCTA
21,2367797,A,G
21,2368682,G,C
21,2369011,A,C
21,2370029,C,T
21,2374341,A,G
21,2374622,T,C
21,2375301,G,A
21,2375407,A,C
21,2376117,G,A
21,2376117,G,A
21,2376999,G,A
21,2377231,A,G
21,2377500,T,C
21,2379320,T,C
21,2379414,C,T
21,2379501,G,A
21,2379944,T,C
21,2381756,A,G
21,2385034,C,T
21,2385756,T,A
21,2387261,G,A
21,2387415,C,G
21,2389646,T,C
21,2392581,G,A
21,2392674,C,T
21,2394068,A,G
21,2394415,G,A
21,2395271,A,G
21,2397613,A,C
21,2400122,G,C
21,2401067,A,G
21,2401754,A,G
21,2401860,A,G
21,2403253,CCTAA,C
21,2403451,A,T
21,2407373,A,C
21,2408384,C,T
21,2409067,T,G
21,2409222,T,G
21,2409251,T,C
21,2410205,C,A
21,2410577,T,C
21,2410941,C,T
21,2411174,T,G
21,2411215,A,G
21,2411308,T,C
21,2412018,G,A
21,2412921,A,G
21,2413683,T,C
21,2414878,C,T
21,2415840,A,G
21,2416286,AAT,A
21,2417848,G,C
21,2417998,T,G
21,2418532,A,G
21,2419891,T,A
21,2420836,T,A
21,2421232,A,G
21,2422211,T,A
21,2423746,A,G
21,2426180,T,C
21,2426254,C,T
21,2426696,C,T
21,2427186,A,T
21,2428329,T,C
21,2429820,T,C
21,2431091,A,G
21,2432636,G,T
21,2432734,T,G
21,2433172,A,C
21,2433693,CG,C
21,2434289,T,C
21,2434337,G,A
21,2435703,C,T
21,2437187,G,A
21,2438064,C,A
21,2440467,G,A
21,2442082,T,C
21,2442754,T,C
21,2442969,A,T
21,2444547,C,A
21,2444601,A,C
21,2446224,G,A
21,2446540,A,T
21,2447405,C,T
21,2447944,T,C
21,2448085,T,A
21,2451247,A,G
21,2451535,T,C
21,2451833,C,T
21,2451887,T,C
21,2452434,A,G
21,2453430,A,G
21,2454042,T,C
21,2454455,T,C
21,2455351,C,T
21,2455428,G,T
21,2455966,G,T
21,2456044,G,A
21,2456194,C,A
21,2456336,A,G
21,2456387,A,T
21,2456470,T,C
21,2457165,T,C
21,2460264,A,G
21,2460946,T,C
21,2461500,A,G
21,2462252,T,C
21,2462843,T,C
21,2463823,A,G
21,2465614,A,G
21,2466406,A,T
21,2466714,G,GC
21,2467034,A,G
21,2468563,T,C
21,2468602,TGA,T
21,2471722,ACAT,A
21,2471766,A,G
21,2472239,A,C
21,2474489,T,C
21,2474934,G,T
21,2475976,C,G
21,2476903,T,C
21,2477571,T,G
21,2478907,T,C
21,2479046,G,A
21,2479865,C,A
21,2481142,T,C
21,2481556,G,A
21,2482415,T,C
21,2482964,A,G
21,2484592,A,G
21,2486533,A,G
21,2486662,A,C
21,2486817,T,C
21,2487256,CCAT,C
21,2487576,T,G
21,2487777,C,CTCT
21,2488619,T,G
21,2488818,C,A
21,2489403,C,T
21,2490770,A,C
21,2491325,A,T
21,2491392,T,C
21,2491865,A,G
21,2492541,G,A
21,2494905,A,G
21,2494905,A,G
21,2497366,A,G
21,2498851,T,C
21,2501145,A,G
21,2502033,T,C
21,2502338,T,C
21,2503656,A,G
21,2505651,A,C
21,2506316,A,G
21,2506823,A,G
21,2507908,C,G
21,2509557,A,G
21,2510105,A,C
21,2510540,A,G
21,2511017,T,G
21,2512275,G,C
21,2513096,T,C
21,2513180,T,A
21,2514785,A,G
21,2514909,A,C
21,2515301,C,T
21,2515846,T,C
21,2517107,A,G
21,2517677,T,C
21,2517855,G,T
21,2518836,C,G
21,2519047,C,T
21,2519992,G,A
21,2519994,T,C
21,2520333,TGCT,T
21,2523429,T,C
21,2523973,C,T
21,2528603,TTTCT,T
21,2528977,G,A
21,2529990,T,A
21,2530898,G,A
21,2533198,T,C
21,2533489,A,G
21,2534111,T,C
21,2535478,C,T
21,2535915,G,T
21,2537231,T,C
21,2539120,A,G
21,2539813,G,A
21,2539902,A,G
21,2540072,G,A
21,2542553,C,T
21,2543087,T,G
21,2543881,A,G
21,2544510,G,A
21,2546167,A,G
21,2546186,G,A
21,2547130,C,A
21,2547803,T,C
21,2547919,T,C
21,2550175,A,T
21,2553718,C,T
21,2554919,A,T
21,2557335,T,TGTA
21,2557962,T,C
21,2559234,T,A
21,2559555,ATG,A
21,2560992,C,T
21,2563681,T,TTGTGTG
21,2566189,A,G
21,2566284,G,A
21,2567281,A,T
21,2568174,A,G
21,2571371,C,T
21,2572091,A,G
21,2575346,A,T
21,2577822,T,G
21,2578337,A,G
21,2578771,A,C
21,2583860,G,A
21,2586707,C,T
21,2587880,T,C
21,2590657,G,T
21,2591048,A,G
21,2591063,A,T
21,2592000,C,T
21,2592069,A,G
21,2592779,T,C
21,2593961,T,A
21,2596366,T,C
21,2597769,G,A
21,2599356,T,C
21,2600229,T,C
21,2600550,T,C
21,2601095,T,G
21,2601901,A,C
21,2602616,A,G
21,2602659,T,C
21,2609600,GTC,G
21,2612157,T,C
21,2613932,C,T
21,2614909,G,A
21,2616542,A,G
21,2616605,A,G
21,2617411,A,G
21,2620082,T,C
21,2620210,T,C
21,2620882,T,C
21,2624491,C,G
21,2625261,A,G
21,2625796,A,G
21,2626061,GTCA,G
21,2626449,A,G
21,2627496,T,G
21,2630879,T,G
21,2633053,T,C
21,2635611,T,C
21,2636509,G,A
21,2638381,T,G
21,2639476,A,G
21,2639770,C,T
21,2641221,A,G
21,2641649,C,A
21,2641686,G,A
21,2642159,T,A
21,2642181,T,C
21,2642856,T,C
21,2645127,A,G
21,2646182,TA,T
21,2647045,A,G
21,2647390,G,A
21,2647420,T,C
21,2647573,C,G
21,2648736,C,G
21,2651800,T,C
21,2651993,A,G
21,2652854,C,A
21,2653028,T,A
21,2654077,A,T
21,2654354,A,C
21,2654388,A,C
21,2655472,G,A
21,2656358,T,C
21,2656727,T,C
21,2657142,G,A
21,2657317,T,C
21,2658425,A,G
21,2658608,T,A
21,2659640,G,C
21,2660392,C,A
21,2661043,T,C
21,2661412,C,T
21,2662667,C,T
21,2663147,T,C
21,2665006,T,C
21,2665447,C,T
21,2667016,CTT,C
21,2667299,C,T
21,2667409,T,TTCGTGGA
21,2669859,A,G
21,2670019,G,T
21,2673580,A,G
21,2674381,A,G
21,2675083,A,G
21,2675216,A,G
21,2676173,T,C
21,2676307,T,A
21,2676993,T,C
21,2679599,T,C
21,2679747,T,C
21,2680251,A,G
21,2680343,T,G
21,2682733,G,A
21,2683423,A,G
21,2684124,A,G
21,2685278,A,G
21,2686777,T,C
21,2688010,C,T
21,2688731,A,G
21,2689614,A,T
21,2690815,A,C
21,2691829,G,T
21,2693611,T,G
21,2693650,G,A
21,2695992,C,CGA
21,2697865,A,G
21,2698819,A,G
21,2699974,A,G
21,2700127,C,T
21,2700530,A,G
21,2701345,T,C
21,2704574,G,A
21,2705687,T,C
21,2708975,A,G
21,2710524,G,T
21,2710950,TATGT,T
21,2711144,G,T
21,2712117,A,G
21,2717350,C,T
21,2719981,T,C
21,2721825,T,C
21,2722071,C,T
21,2726847,G,A
21,2727869,A,G
21,2728037,C,T
21,2728381,G,A
21,2728638,C,T
21,2729350,T,A
21,2730851,A,G
21,2731020,T,G
21,2732276,C,T
21,2733192,T,A
21,2734719,G,A
21,2735126,A,G
21,2735831,A,C
21,2736098,G,A
21,2737162,T,C
21,2737475,T,A
21,2737720,T,C
21,2737880,T,TG
21,2741416,A,G
21,2742339,T,C
21,2743717,A,G
21,2744115,T,A
21,2746853,T,TA
21,2747496,C,T
21,2748306,G,A
21,2749970,C,T
21,2753655,A,G
21,2754458,G,A
21,2754490,T,C
21,2755036,A,G
21,2756243,T,C
21,2757054,T,A
21,2760058,A,G
21,2760512,T,A
21,2760901,C,T
21,2761601,T,C
21,2762684,G,A
21,2763762,G,T
21,2765578,C,T
21,2765705,G,A
21,2767551,C,T
21,2768533,G,C
21,2769102,C,T
21,2769390,A,G
21,2769645,C,G
21,2770722,T,G
21,2771005,A,T
21,2772660,C,T
21,2774772,C,T
21,2775228,C,T
21,2775828,T,C
21,2776082,T,C
21,2777985,C,T
21,2778604,A,G
21,2779336,A,G
21,2780081,G,A
21,2780987,T,A
21,2781023,T,C
21,2782054,G,C
21,2783798,G,A
21,2785108,AC,A
21,2785556,C,T
21,2786930,T,A
21,2787315,A,G
21,2788473,TTAG,T
21,2788621,A,G
21,2789759,A,G
21,2790073,G,A
21,2790220,T,C
21,2790492,T,C
21,2790552,A,G
21,2790728,T,C
21,2791631,A,G
21,2792130,A,G
21,2792186,C,CCTACACT
21,2792421,C,G
21,2792429,T,C
21,2797329,A,G
21,2797634,T,C
21,2798817,T,C
21,2800385,A,G
21,2801440,A,G
21,2801581,T,A
21,2801913,A,C
21,2801967,A,G
21,2806640,A,C
21,2806850,A,G
21,2807398,A,T
21,2807482,T,TGG
21,2808799,G,A
21,2810509,A,T
21,2812432,G,T
21,2813808,G,A
21,2815911,G,GCTCT
21,2815964,A,C
21,2817669,A,G
21,2818740,G,C
21,2818929,A,G
21,2820120,A,G
21,2822445,A,G
21,2824938,TTATT,T
21,2825223,A,G
21,2826144,C,T
21,2828012,T,C
21,2828309,C,G
21,2828473,C,T
21,2828853,A,G
21,2828870,A,G
21,2831273,T,C
21,2831390,C,T
21,2831589,A,G
21,2831846,A,G
21,2831936,GAT,G
21,2832523,A,T
21,2832578,C,A
21,2834532,G,C
21,2834546,A,C
21,2836408,C,T
21,2837668,T,C
21,2837832,A,G
21,2839962,G,A
21,2840051,A,C
21,2840561,T,C
21,2840630,G,C
21,2841326,G,A
21,2841995,T,C
21,2842376,T,C
21,2843601,G,A
21,2845531,C,A
21,2846720,T,C
21,2848237,G,A
21,2848571,A,C
21,2849494,G,A
21,2850529,C,G
21,2850699,G,A
21,2853227,T,C
21,2853985,C,T
21,2857143,A,G
21,2859202,C,T
21,2859558,C,T
21,2859963,A,G
21,2860045,C,A
21,2860963,A,ATCAGT
21,2861176,T,C
21,2863085,T,C
21,2864251,A,G
21,2864515,A,AGGAC
21,2864832,G,A
21,2865549,T,C
21,2866067,C,T
21,2866959,T,C
21,2868194,A,T
21,2868475,A,G
21,2868562,C,A
21,2869748,A,G
21,2871027,C,T
21,2871432,G,T
21,2871747,C,G
21,2875131,T,C
21,2875211,A,G
21,2876656,T,C
21,2878504,C,T
21,2878815,C,A
21,2878953,A,G
21,2880536,A,T
21,2881128,C,T
21,2881477,T,C
21,2881873,T,C
21,2883253,G,A
21,2883551,T,A
21,2885668,T,C
21,2885885,A,T
21,2886374,T,C
21,2886833,A,G
21,2887133,C,T
21,2887561,A,G
21,2887767,A,T
21,2889950,A,G
21,2890942,T,A
21,2891020,C,T
21,2893427,T,C
21,2894443,A,G
21,2894913,T,A
21,2894955,A,G
21,2896929,A,G
21,2897258,G,A
21,2898629,G,C
21,2900870,G,C
21,2900967,CATGGT,C
21,2901420,A,G
21,2902299,A,G
21,2902728,A,G
21,2902794,A,AT
21,2902909,A,G
21,2905589,G,A
21,2906984,T,C
21,2907111,G,GGG
21,2909259,G,A
21,2911130,A,G
21,2912947,A,G
21,2914094,G,A
21,2914184,A,T
21,2916815,T,C
21,2918906,G,A
21,2920579,G,T
21,2921561,C,G
21,2923341,A,G
21,2923725,C,T
21,2924046,A,T
21,2925275,T,C
21,2925711,C,T
21,2927629,T,C
21,2928493,T,C
21,2929029,C,A
21,2929170,A,G
21,2929384,T,C
21,2930583,CCTTT,C
21,2936901,T,C
21,2937570,T,C
21,2940064,A,T
21,2941378,T,C
21,2941472,C,T
21,2941654,C,G
21,2942094,A,C
21,2942589,A,G
21,2943192,G,A
21,2945409,C,A
21,2946145,T,A
21,2947206,T,C
21,2947320,A,G
21,2947342,T,A
21,2948124,T,C
21,2949166,A,G
21,2949687,T,C
21,2949693,T,C
21,2949876,A,G
21,2950799,T,A
21,2951283,G,A
21,2955548,T,C
21,2956310,A,C
21,2958514,A,T
21,2960147,A,T
21,2960997,G,A
21,2961202,C,A
21,2964467,G,C
21,2966597,A,G
21,2967132,T,A
21,2967796,AA,A
21,2968262,C,A
21,2972815,A,G
21,2973710,A,G
21,2973942,G,C
21,2974308,G,A
21,2975253,A,G
21,2975512,A,C
21,2975719,T,C
21,2976196,A,G
21,2977884,T,C
21,2977931,A,G
21,2978320,T,C
21,2978685,A,G
21,2978769,A,G
21,2980635,A,G
21,2983277,G,A
21,2984737,A,G
21,2984930,C,A
21,2987808,T,A
21,2988017,G,A
21,2988787,A,G
21,2988830,T,G
21,2990442,T,A
21,2992036,A,C
21,2992859,T,C
21,2994286,A,T
21,2994590,G,A
21,2996115,G,A
21,2996181,A,C
21,2996330,G,GCCACACTCG
21,2996750,C,T
21,2999531,C,G
21,2999686,A,G
